{
  "age": {
    "woe_map": {
      "(20.999, 33.0]": 0.5815,
      "(33.0, 39.0]": 0.3923,
      "(39.0, 44.0]": 0.2781,
      "(44.0, 48.0]": 0.2132,
      "(48.0, 52.0]": 0.1532,
      "(52.0, 56.0]": -0.0167,
      "(56.0, 61.0]": -0.3138,
      "(61.0, 65.0]": -0.6084,
      "(65.0, 72.0]": -0.9604,
      "(72.0, 99.0]": -1.177
    },
    "iv": 0.2592,
    "bins": null,
    "labels": null,
    "edges": [
      21.0,
      33.0,
      39.0,
      44.0,
      48.0,
      52.0,
      56.0,
      61.0,
      65.0,
      72.0,
      99.0
    ]
  },
  "monthly_income": {
    "woe_map": {
      "(-0.001, 2325.0]": 0.2784,
      "(2325.0, 3259.0]": 0.4967,
      "(3259.0, 4166.0]": 0.2404,
      "(4166.0, 4976.0]": -0.0956,
      "(4976.0, 5500.0]": -0.0826,
      "(5500.0, 6147.0]": -0.0552,
      "(6147.0, 6614.0]": -0.1265,
      "(6614.0, 8250.0]": -0.2291,
      "(8250.0, 10750.0]": -0.3584,
      "(10750.0, 3008750.0]": -0.4217
    },
    "iv": 0.0806,
    "bins": null,
    "labels": null,
    "edges": [
      0.0,
      2325.0,
      3259.0,
      4166.0,
      4976.0,
      5500.0,
      6147.0,
      6614.0,
      8250.0,
      10750.0,
      3008750.0
    ]
  },
  "debt_ratio": {
    "woe_map": {
      "(-0.001, 0.0309]": -0.2316,
      "(0.0309, 0.134]": 0.0231,
      "(0.134, 0.214]": -0.1099,
      "(0.214, 0.287]": -0.2251,
      "(0.287, 0.367]": -0.1853,
      "(0.367, 0.468]": 0.0094,
      "(0.468, 0.649]": 0.2491,
      "(0.649, 4.0]": 0.5791,
      "(4.0, 1267.0]": -0.1,
      "(1267.0, 329664.0]": -0.3113
    },
    "iv": 0.0739,
    "bins": null,
    "labels": null,
    "edges": [
      0.0,
      0.0308908585,
      0.133777672,
      0.21369822100000002,
      0.287471176,
      0.3665026105,
      0.46750336200000003,
      0.649175412,
      4.0,
      1267.0,
      329664.0
    ]
  },
  "revolving_util": {
    "woe_map": {
      "(-0.001, 0.00297]": -1.0205,
      "(0.00297, 0.0192]": -1.6453,
      "(0.0192, 0.0435]": -1.6159,
      "(0.0435, 0.0832]": -1.299,
      "(0.0832, 0.154]": -1.0791,
      "(0.154, 0.272]": -0.6875,
      "(0.272, 0.445]": -0.2567,
      "(0.445, 0.699]": 0.2983,
      "(0.699, 0.981]": 1.0209,
      "(0.981, 5.0]": 1.4379
    },
    "iv": 1.1128,
    "bins": null,
    "labels": null,
    "edges": [
      0.0,
      0.0029713014999999997,
      0.019225211,
      0.04346777500000003,
      0.083192851,
      0.15423363950000002,
      0.2715370300000001,
      0.44514146200000004,
      0.698865747,
      0.9812642645,
      5.0
    ]
  },
  "open_credit_lines": {
    "woe_map": {
      "(-0.001, 3.0]": 0.5152,
      "(3.0, 4.0]": -0.0457,
      "(4.0, 5.0]": -0.057,
      "(5.0, 6.0]": -0.2008,
      "(6.0, 8.0]": -0.2578,
      "(8.0, 9.0]": -0.1418,
      "(9.0, 10.0]": -0.1208,
      "(10.0, 12.0]": -0.1223,
      "(12.0, 15.0]": -0.0411,
      "(15.0, 58.0]": 0.0358
    },
    "iv": 0.0669,
    "bins": null,
    "labels": null,
    "edges": [
      0.0,
      3.0,
      4.0,
      5.0,
      6.0,
      8.0,
      9.0,
      10.0,
      12.0,
      15.0,
      58.0
    ]
  },
  "n_dependents": {
    "woe_map": {
      "(-0.001, 1.0]": -0.0883,
      "(1.0, 2.0]": 0.2096,
      "(2.0, 20.0]": 0.3526
    },
    "iv": 0.0251,
    "bins": null,
    "labels": null,
    "edges": [
      0.0,
      1.0,
      2.0,
      20.0
    ]
  },
  "dpd_30_59": {
    "woe_map": {
      "0": -0.5416,
      "1": 0.9039,
      "2": 1.6161,
      "3+": 2.2515
    },
    "iv": 0.7552,
    "bins": [
      -0.1,
      0.5,
      1.5,
      2.5,
      10
    ],
    "labels": [
      "0",
      "1",
      "2",
      "3+"
    ],
    "edges": []
  },
  "dpd_60_89": {
    "woe_map": {
      "0": -0.2882,
      "1": 1.8366,
      "2": 2.6434,
      "3+": 2.9266
    },
    "iv": 0.6004,
    "bins": [
      -0.1,
      0.5,
      1.5,
      2.5,
      10
    ],
    "labels": [
      "0",
      "1",
      "2",
      "3+"
    ],
    "edges": []
  },
  "dpd_90_plus": {
    "woe_map": {
      "0": -0.3897,
      "1": 1.9581,
      "2": 2.6324,
      "3+": 3.0604
    },
    "iv": 0.8778,
    "bins": [
      -0.1,
      0.5,
      1.5,
      2.5,
      10
    ],
    "labels": [
      "0",
      "1",
      "2",
      "3+"
    ],
    "edges": []
  }
}